 ;pred_rewards_model_0;pred_rewards_model_1;pred_rewards_model_2;pred_rewards_model_3;pred_rewards_model_4;pred_rewards_model_5;pred_rewards_model_6;pred_rewards_model_7;pred_rewards_model_8;pred_rewards_model_9;pred_rewards_model_10;pred_rewards_model_11;pred_rewards_model_12;pred_rewards_model_13;pred_rewards_model_14;pred_rewards_model_15;pred_rewards_model_16;pred_rewards_model_17;pred_rewards_model_18;pred_rewards_model_19
;289.8361898;292.7546527999999;289.26955280000004;292.8307211;294.0443326;289.30525099999994;283.69516699999997;293.48510569999996;289.00373479999996;280.5944003;291.4556249;288.61338409999996;296.0543349;247.367556;262.3308732;288.47545959999997;222.50258720000002;274.699158;284.16962830000006;287.6284218999999
