 ;pred_rewards_model_0;pred_rewards_model_1;pred_rewards_model_2;pred_rewards_model_3;pred_rewards_model_4;pred_rewards_model_5;pred_rewards_model_6;pred_rewards_model_7;pred_rewards_model_8;pred_rewards_model_9;pred_rewards_model_10;pred_rewards_model_11;pred_rewards_model_12;pred_rewards_model_13;pred_rewards_model_14;pred_rewards_model_15;pred_rewards_model_16;pred_rewards_model_17;pred_rewards_model_18;pred_rewards_model_19
;84.95944469999999;284.92737550000004;135.3921873;246.81986619999998;254.32256239999998;302.3526607;306.961184;214.65611189999996;217.76177460000002;238.7827267;295.0828415;240.6900129;302.42422070000003;309.40819930000004;300.1454823;258.29362660000004;222.57965480000001;214.5982502;305.43604070000004;134.3658532
