 ;pred_rewards_model_0;pred_rewards_model_1;pred_rewards_model_2;pred_rewards_model_3;pred_rewards_model_4;pred_rewards_model_5;pred_rewards_model_6;pred_rewards_model_7;pred_rewards_model_8;pred_rewards_model_9;pred_rewards_model_10;pred_rewards_model_11;pred_rewards_model_12;pred_rewards_model_13;pred_rewards_model_14;pred_rewards_model_15;pred_rewards_model_16;pred_rewards_model_17;pred_rewards_model_18;pred_rewards_model_19
;197.6101526;211.2947165;241.4575114;242.7888445;190.9408727;9.244515299999998;197.05106569999998;213.69663099999997;152.9417931;167.37131649999998;218.2401798;217.18832310000002;53.69876910000001;151.46067309999998;147.5770507;179.440254;120.38419540000002;57.0686095;-53.88113439999999;223.28957529999997
