 ;pred_rewards_model_0;pred_rewards_model_1;pred_rewards_model_2;pred_rewards_model_3;pred_rewards_model_4;pred_rewards_model_5;pred_rewards_model_6;pred_rewards_model_7;pred_rewards_model_8;pred_rewards_model_9;pred_rewards_model_10;pred_rewards_model_11;pred_rewards_model_12;pred_rewards_model_13;pred_rewards_model_14;pred_rewards_model_15;pred_rewards_model_16;pred_rewards_model_17;pred_rewards_model_18;pred_rewards_model_19
;-125.51207109999999;-125.51207109999999;-125.51207109999999;-839.9595932999998;-134.41065429999998;-159.4909548;-335.39059310000005;-143.3598288;-125.51207109999999;-214.40231690000002;-125.70350749999997;-123.852649;-125.4109706;-427.6713766;-479.1447545;-408.3817898;-205.22328729999998;-509.89388399999996;-125.51207109999999;-458.4921592999999
