 ;pred_rewards_model_0;pred_rewards_model_1;pred_rewards_model_2;pred_rewards_model_3;pred_rewards_model_4;pred_rewards_model_5;pred_rewards_model_6;pred_rewards_model_7;pred_rewards_model_8;pred_rewards_model_9;pred_rewards_model_10;pred_rewards_model_11;pred_rewards_model_12;pred_rewards_model_13;pred_rewards_model_14;pred_rewards_model_15;pred_rewards_model_16;pred_rewards_model_17;pred_rewards_model_18;pred_rewards_model_19
;179.1153231;261.2533558;103.44975170000001;263.31102419999996;147.2136655;214.5192551;214.22903000000002;186.4989793;201.46583909999998;250.10350400000002;220.82179620000002;184.5934226;225.51608969999998;247.92802420000004;97.05162379999999;233.0107653;49.4293879;236.9712226;208.10627019999998;76.5361208
