 ;pred_rewards_model_0;pred_rewards_model_1;pred_rewards_model_2;pred_rewards_model_3;pred_rewards_model_4;pred_rewards_model_5;pred_rewards_model_6;pred_rewards_model_7;pred_rewards_model_8;pred_rewards_model_9;pred_rewards_model_10;pred_rewards_model_11;pred_rewards_model_12;pred_rewards_model_13;pred_rewards_model_14;pred_rewards_model_15;pred_rewards_model_16;pred_rewards_model_17;pred_rewards_model_18;pred_rewards_model_19
;243.17429579999998;155.0628667;233.9204434;131.64156359999998;70.120056;218.19859830000001;-6.1550693;233.1874226;203.3552889;178.2775264;191.7526535;209.22180120000002;181.13778699999997;44.198721500000005;232.3421811;210.68346439999996;167.53178699999998;242.22789889999999;84.3477618;91.08074719999999
